id,from_email,subject,date,snippet,body
1,receipts@shopmarket.example,Your ShopMarket receipt for order #70,2026-01-01,Thanks for your purchase. Your receipt is ready for review.,"Thanks for shopping with ShopMarket. This receipt covers groceries, household supplies, pantry items, and delivery details. Keep it for your records."
2,billing@cloudhost.example,Payment failed for CloudHost invoice CH-87,2026-01-02,We could not process your latest payment and need an updated billing method.,"Your CloudHost billing method needs attention. Update the payment card before the deadline to avoid service interruption for hosting, storage, and app deployments."
3,security@riverbank.example,Security alert: new sign-in detected,2026-01-03,We noticed unusual account activity and need you to verify it.,"A security alert was triggered for your RiverBank account. Review the location, device, and login time. If this was not you, change your password immediately."
4,registrar@northview.edu,Final project deadline reminder,2026-01-04,Your school deadline is approaching and submission is required.,"This is a reminder that your course project, assignment, or capstone deliverable is due soon. Late work may require instructor approval."
5,manager@acme.example,Q3 planning notes due today,2026-01-05,Please review the work item before the meeting deadline.,"The team needs your update before the planning meeting. Share notes, review the roadmap, and flag blockers before the deadline."
6,appointments@cityclinic.example,Appointment reminder for Monday,2026-01-06,You have an appointment scheduled soon.,"This is a reminder for your upcoming appointment. Please arrive early, bring your insurance card, and complete any required forms before check-in."
7,newsletter@dailytech.example,Daily Tech Brief: AI tools for productivity,2026-01-07,Today's newsletter includes technology stories and product updates.,"In this newsletter, we cover AI productivity workflows, software funding news, cloud infrastructure updates, and practical tools for builders. You can unsubscribe at any time."
8,deals@freshcart.example,Weekend grocery deals inside,2026-01-08,"Save with sale prices, coupons, discounts, and member deals.","FreshCart members can save on produce, frozen meals, snacks, and household items. Clip coupons before checkout and browse the weekly promotion."
9,promos@flyaway.example,Flash sale: flights from $206,2026-01-09,Book by midnight to get limited-time fares and travel deals.,FlyAway is offering discounted fares for selected routes. Seats are limited and promotion prices expire soon. This is a marketing deal.
10,no-reply@streambox.example,Your monthly subscription receipt,2026-01-10,Your subscription renewed successfully.,"Your monthly subscription has renewed. Manage billing, plan settings, devices, and account preferences from your subscription page."
11,support@payroll.example,Timesheet approval required,2026-01-11,Pending timesheets need review before payroll processing.,Please review and approve contractor timesheets before payroll begins. Payment may be delayed if approval is not completed by the deadline.
12,library@northview.edu,Library book due soon,2026-01-12,A borrowed item is due soon and may require action.,Your borrowed library item is due soon. Renew online or return it to avoid late fees. This notice may become a final notice if overdue.
13,events@coworkhub.example,Reminder: networking breakfast tomorrow,2026-01-13,Your event reminder and schedule are ready.,"Join local founders and builders for networking, coffee, workshops, and short introductions. Review the agenda before arrival."
14,updates@productboard.example,New comments on your roadmap item,2026-01-14,Your roadmap item has new comments and review activity.,"Teammates commented on the roadmap item. Review the discussion, update priority, and check launch timeline before the next planning review."
15,alerts@cardsecure.example,Urgent action needed: card verification,2026-01-15,Please verify recent card activity as soon as possible.,We need you to verify recent card activity. Review the transaction list and confirm whether you recognize the charges. Urgent action may be required.
16,careers@startup.example,Interview schedule confirmation,2026-01-16,Your interview details need review or confirmation.,"Your interview is scheduled soon. Confirm the time, review the agenda, and join using the provided meeting link. Please reply if you need to reschedule."
17,receipts@shopmarket.example,Receipt for grocery pickup #342,2026-01-17,Thanks for your purchase. Your receipt is ready for review.,"Thanks for shopping with ShopMarket. This receipt covers groceries, household supplies, pantry items, and delivery details. Keep it for your records."
18,billing@cloudhost.example,Action required: update billing method,2026-01-18,We could not process your latest payment and need an updated billing method.,"Your CloudHost billing method needs attention. Update the payment card before the deadline to avoid service interruption for hosting, storage, and app deployments."
19,security@riverbank.example,Verify suspicious account activity,2026-01-19,We noticed unusual account activity and need you to verify it.,"A security alert was triggered for your RiverBank account. Review the location, device, and login time. If this was not you, change your password immediately."
20,registrar@northview.edu,Assignment due this week,2026-01-20,Your school deadline is approaching and submission is required.,"This is a reminder that your course project, assignment, or capstone deliverable is due soon. Late work may require instructor approval."
21,manager@acme.example,Interview panel prep,2026-01-21,Please review the work item before the meeting deadline.,"The team needs your update before the planning meeting. Share notes, review the roadmap, and flag blockers before the deadline."
22,appointments@cityclinic.example,Your appointment is tomorrow,2026-01-22,You have an appointment scheduled soon.,"This is a reminder for your upcoming appointment. Please arrive early, bring your insurance card, and complete any required forms before check-in."
23,newsletter@dailytech.example,This week in software and startups,2026-01-23,Today's newsletter includes technology stories and product updates.,"In this newsletter, we cover AI productivity workflows, software funding news, cloud infrastructure updates, and practical tools for builders. You can unsubscribe at any time."
24,deals@freshcart.example,Sale: save on pantry basics,2026-01-24,"Save with sale prices, coupons, discounts, and member deals.","FreshCart members can save on produce, frozen meals, snacks, and household items. Clip coupons before checkout and browse the weekly promotion."
25,promos@flyaway.example,Limited-time travel deal,2026-01-25,Book by midnight to get limited-time fares and travel deals.,FlyAway is offering discounted fares for selected routes. Seats are limited and promotion prices expire soon. This is a marketing deal.
26,no-reply@streambox.example,Streaming plan renewal,2026-01-26,Your subscription renewed successfully.,"Your monthly subscription has renewed. Manage billing, plan settings, devices, and account preferences from your subscription page."
27,support@payroll.example,Payroll deadline: approve hours,2026-01-27,Pending timesheets need review before payroll processing.,Please review and approve contractor timesheets before payroll begins. Payment may be delayed if approval is not completed by the deadline.
28,library@northview.edu,Final notice: library item overdue,2026-01-28,A borrowed item is due soon and may require action.,Your borrowed library item is due soon. Renew online or return it to avoid late fees. This notice may become a final notice if overdue.
29,events@coworkhub.example,Workshop registration confirmed,2026-01-29,Your event reminder and schedule are ready.,"Join local founders and builders for networking, coffee, workshops, and short introductions. Review the agenda before arrival."
30,updates@productboard.example,Roadmap review requested,2026-01-30,Your roadmap item has new comments and review activity.,"Teammates commented on the roadmap item. Review the discussion, update priority, and check launch timeline before the next planning review."
31,alerts@cardsecure.example,Suspicious transaction alert,2026-01-31,Please verify recent card activity as soon as possible.,We need you to verify recent card activity. Review the transaction list and confirm whether you recognize the charges. Urgent action may be required.
32,careers@startup.example,Reminder: product interview tomorrow,2026-02-01,Your interview details need review or confirmation.,"Your interview is scheduled soon. Confirm the time, review the agenda, and join using the provided meeting link. Please reply if you need to reschedule."
33,receipts@shopmarket.example,Order #614 was delivered,2026-02-02,Thanks for your purchase. Your receipt is ready for review.,"Thanks for shopping with ShopMarket. This receipt covers groceries, household supplies, pantry items, and delivery details. Keep it for your records."
34,billing@cloudhost.example,Invoice CH-631 is due soon,2026-02-03,We could not process your latest payment and need an updated billing method.,"Your CloudHost billing method needs attention. Update the payment card before the deadline to avoid service interruption for hosting, storage, and app deployments."
35,security@riverbank.example,Action required: account security review,2026-02-04,We noticed unusual account activity and need you to verify it.,"A security alert was triggered for your RiverBank account. Review the location, device, and login time. If this was not you, change your password immediately."
36,registrar@northview.edu,Capstone submission due Friday,2026-02-05,Your school deadline is approaching and submission is required.,"This is a reminder that your course project, assignment, or capstone deliverable is due soon. Late work may require instructor approval."
37,manager@acme.example,Action required before team review,2026-02-06,Please review the work item before the meeting deadline.,"The team needs your update before the planning meeting. Share notes, review the roadmap, and flag blockers before the deadline."
38,appointments@cityclinic.example,Clinic visit confirmation,2026-02-07,You have an appointment scheduled soon.,"This is a reminder for your upcoming appointment. Please arrive early, bring your insurance card, and complete any required forms before check-in."
39,newsletter@dailytech.example,Developer newsletter: cloud updates,2026-02-08,Today's newsletter includes technology stories and product updates.,"In this newsletter, we cover AI productivity workflows, software funding news, cloud infrastructure updates, and practical tools for builders. You can unsubscribe at any time."
40,deals@freshcart.example,Coupon offer for your next order,2026-02-09,"Save with sale prices, coupons, discounts, and member deals.","FreshCart members can save on produce, frozen meals, snacks, and household items. Clip coupons before checkout and browse the weekly promotion."
41,promos@flyaway.example,Promotion: weekend getaway fares,2026-02-10,Book by midnight to get limited-time fares and travel deals.,FlyAway is offering discounted fares for selected routes. Seats are limited and promotion prices expire soon. This is a marketing deal.
42,no-reply@streambox.example,Subscription billing confirmation,2026-02-11,Your subscription renewed successfully.,"Your monthly subscription has renewed. Manage billing, plan settings, devices, and account preferences from your subscription page."
43,support@payroll.example,Action required for contractor payment,2026-02-12,Pending timesheets need review before payroll processing.,Please review and approve contractor timesheets before payroll begins. Payment may be delayed if approval is not completed by the deadline.
44,library@northview.edu,Renew your borrowed book,2026-02-13,A borrowed item is due soon and may require action.,Your borrowed library item is due soon. Renew online or return it to avoid late fees. This notice may become a final notice if overdue.
45,events@coworkhub.example,Founder meetup agenda,2026-02-14,Your event reminder and schedule are ready.,"Join local founders and builders for networking, coffee, workshops, and short introductions. Review the agenda before arrival."
46,updates@productboard.example,Product update digest,2026-02-15,Your roadmap item has new comments and review activity.,"Teammates commented on the roadmap item. Review the discussion, update priority, and check launch timeline before the next planning review."
47,alerts@cardsecure.example,Verify card activity ending in 852,2026-02-16,Please verify recent card activity as soon as possible.,We need you to verify recent card activity. Review the transaction list and confirm whether you recognize the charges. Urgent action may be required.
48,careers@startup.example,Action required: confirm interview slot,2026-02-17,Your interview details need review or confirmation.,"Your interview is scheduled soon. Confirm the time, review the agenda, and join using the provided meeting link. Please reply if you need to reschedule."
49,receipts@shopmarket.example,Your ShopMarket receipt for order #886,2026-02-18,Thanks for your purchase. Your receipt is ready for review.,"Thanks for shopping with ShopMarket. This receipt covers groceries, household supplies, pantry items, and delivery details. Keep it for your records."
50,billing@cloudhost.example,Payment failed for CloudHost invoice CH-903,2026-02-19,We could not process your latest payment and need an updated billing method.,"Your CloudHost billing method needs attention. Update the payment card before the deadline to avoid service interruption for hosting, storage, and app deployments."
51,security@riverbank.example,Security alert: new sign-in detected,2026-02-20,We noticed unusual account activity and need you to verify it.,"A security alert was triggered for your RiverBank account. Review the location, device, and login time. If this was not you, change your password immediately."
52,registrar@northview.edu,Final project deadline reminder,2026-02-21,Your school deadline is approaching and submission is required.,"This is a reminder that your course project, assignment, or capstone deliverable is due soon. Late work may require instructor approval."
53,manager@acme.example,Q3 planning notes due today,2026-02-22,Please review the work item before the meeting deadline.,"The team needs your update before the planning meeting. Share notes, review the roadmap, and flag blockers before the deadline."
54,appointments@cityclinic.example,Appointment reminder for Monday,2026-02-23,You have an appointment scheduled soon.,"This is a reminder for your upcoming appointment. Please arrive early, bring your insurance card, and complete any required forms before check-in."
55,newsletter@dailytech.example,Daily Tech Brief: AI tools for productivity,2026-02-24,Today's newsletter includes technology stories and product updates.,"In this newsletter, we cover AI productivity workflows, software funding news, cloud infrastructure updates, and practical tools for builders. You can unsubscribe at any time."
56,deals@freshcart.example,Weekend grocery deals inside,2026-02-25,"Save with sale prices, coupons, discounts, and member deals.","FreshCart members can save on produce, frozen meals, snacks, and household items. Clip coupons before checkout and browse the weekly promotion."
57,promos@flyaway.example,Flash sale: flights from $1022,2026-02-26,Book by midnight to get limited-time fares and travel deals.,FlyAway is offering discounted fares for selected routes. Seats are limited and promotion prices expire soon. This is a marketing deal.
58,no-reply@streambox.example,Your monthly subscription receipt,2026-02-27,Your subscription renewed successfully.,"Your monthly subscription has renewed. Manage billing, plan settings, devices, and account preferences from your subscription page."
59,support@payroll.example,Timesheet approval required,2026-02-28,Pending timesheets need review before payroll processing.,Please review and approve contractor timesheets before payroll begins. Payment may be delayed if approval is not completed by the deadline.
60,library@northview.edu,Library book due soon,2026-03-01,A borrowed item is due soon and may require action.,Your borrowed library item is due soon. Renew online or return it to avoid late fees. This notice may become a final notice if overdue.
61,events@coworkhub.example,Reminder: networking breakfast tomorrow,2026-03-02,Your event reminder and schedule are ready.,"Join local founders and builders for networking, coffee, workshops, and short introductions. Review the agenda before arrival."
62,updates@productboard.example,New comments on your roadmap item,2026-03-03,Your roadmap item has new comments and review activity.,"Teammates commented on the roadmap item. Review the discussion, update priority, and check launch timeline before the next planning review."
63,alerts@cardsecure.example,Urgent action needed: card verification,2026-03-04,Please verify recent card activity as soon as possible.,We need you to verify recent card activity. Review the transaction list and confirm whether you recognize the charges. Urgent action may be required.
64,careers@startup.example,Interview schedule confirmation,2026-03-05,Your interview details need review or confirmation.,"Your interview is scheduled soon. Confirm the time, review the agenda, and join using the provided meeting link. Please reply if you need to reschedule."
65,receipts@shopmarket.example,Receipt for grocery pickup #1158,2026-03-06,Thanks for your purchase. Your receipt is ready for review.,"Thanks for shopping with ShopMarket. This receipt covers groceries, household supplies, pantry items, and delivery details. Keep it for your records."
66,billing@cloudhost.example,Action required: update billing method,2026-03-07,We could not process your latest payment and need an updated billing method.,"Your CloudHost billing method needs attention. Update the payment card before the deadline to avoid service interruption for hosting, storage, and app deployments."
67,security@riverbank.example,Verify suspicious account activity,2026-03-08,We noticed unusual account activity and need you to verify it.,"A security alert was triggered for your RiverBank account. Review the location, device, and login time. If this was not you, change your password immediately."
68,registrar@northview.edu,Assignment due this week,2026-03-09,Your school deadline is approaching and submission is required.,"This is a reminder that your course project, assignment, or capstone deliverable is due soon. Late work may require instructor approval."
69,manager@acme.example,Interview panel prep,2026-03-10,Please review the work item before the meeting deadline.,"The team needs your update before the planning meeting. Share notes, review the roadmap, and flag blockers before the deadline."
70,appointments@cityclinic.example,Your appointment is tomorrow,2026-03-11,You have an appointment scheduled soon.,"This is a reminder for your upcoming appointment. Please arrive early, bring your insurance card, and complete any required forms before check-in."
71,newsletter@dailytech.example,This week in software and startups,2026-03-12,Today's newsletter includes technology stories and product updates.,"In this newsletter, we cover AI productivity workflows, software funding news, cloud infrastructure updates, and practical tools for builders. You can unsubscribe at any time."
72,deals@freshcart.example,Sale: save on pantry basics,2026-03-13,"Save with sale prices, coupons, discounts, and member deals.","FreshCart members can save on produce, frozen meals, snacks, and household items. Clip coupons before checkout and browse the weekly promotion."
73,promos@flyaway.example,Limited-time travel deal,2026-03-14,Book by midnight to get limited-time fares and travel deals.,FlyAway is offering discounted fares for selected routes. Seats are limited and promotion prices expire soon. This is a marketing deal.
74,no-reply@streambox.example,Streaming plan renewal,2026-03-15,Your subscription renewed successfully.,"Your monthly subscription has renewed. Manage billing, plan settings, devices, and account preferences from your subscription page."
75,support@payroll.example,Payroll deadline: approve hours,2026-03-16,Pending timesheets need review before payroll processing.,Please review and approve contractor timesheets before payroll begins. Payment may be delayed if approval is not completed by the deadline.
76,library@northview.edu,Final notice: library item overdue,2026-03-17,A borrowed item is due soon and may require action.,Your borrowed library item is due soon. Renew online or return it to avoid late fees. This notice may become a final notice if overdue.
77,events@coworkhub.example,Workshop registration confirmed,2026-03-18,Your event reminder and schedule are ready.,"Join local founders and builders for networking, coffee, workshops, and short introductions. Review the agenda before arrival."
78,updates@productboard.example,Roadmap review requested,2026-03-19,Your roadmap item has new comments and review activity.,"Teammates commented on the roadmap item. Review the discussion, update priority, and check launch timeline before the next planning review."
79,alerts@cardsecure.example,Suspicious transaction alert,2026-03-20,Please verify recent card activity as soon as possible.,We need you to verify recent card activity. Review the transaction list and confirm whether you recognize the charges. Urgent action may be required.
80,careers@startup.example,Reminder: product interview tomorrow,2026-03-21,Your interview details need review or confirmation.,"Your interview is scheduled soon. Confirm the time, review the agenda, and join using the provided meeting link. Please reply if you need to reschedule."
81,receipts@shopmarket.example,Order #1430 was delivered,2026-03-22,Thanks for your purchase. Your receipt is ready for review.,"Thanks for shopping with ShopMarket. This receipt covers groceries, household supplies, pantry items, and delivery details. Keep it for your records."
82,billing@cloudhost.example,Invoice CH-1447 is due soon,2026-03-23,We could not process your latest payment and need an updated billing method.,"Your CloudHost billing method needs attention. Update the payment card before the deadline to avoid service interruption for hosting, storage, and app deployments."
83,security@riverbank.example,Action required: account security review,2026-03-24,We noticed unusual account activity and need you to verify it.,"A security alert was triggered for your RiverBank account. Review the location, device, and login time. If this was not you, change your password immediately."
84,registrar@northview.edu,Capstone submission due Friday,2026-03-25,Your school deadline is approaching and submission is required.,"This is a reminder that your course project, assignment, or capstone deliverable is due soon. Late work may require instructor approval."
85,manager@acme.example,Action required before team review,2026-03-26,Please review the work item before the meeting deadline.,"The team needs your update before the planning meeting. Share notes, review the roadmap, and flag blockers before the deadline."
86,appointments@cityclinic.example,Clinic visit confirmation,2026-03-27,You have an appointment scheduled soon.,"This is a reminder for your upcoming appointment. Please arrive early, bring your insurance card, and complete any required forms before check-in."
87,newsletter@dailytech.example,Developer newsletter: cloud updates,2026-03-28,Today's newsletter includes technology stories and product updates.,"In this newsletter, we cover AI productivity workflows, software funding news, cloud infrastructure updates, and practical tools for builders. You can unsubscribe at any time."
88,deals@freshcart.example,Coupon offer for your next order,2026-03-29,"Save with sale prices, coupons, discounts, and member deals.","FreshCart members can save on produce, frozen meals, snacks, and household items. Clip coupons before checkout and browse the weekly promotion."
89,promos@flyaway.example,Promotion: weekend getaway fares,2026-03-30,Book by midnight to get limited-time fares and travel deals.,FlyAway is offering discounted fares for selected routes. Seats are limited and promotion prices expire soon. This is a marketing deal.
90,no-reply@streambox.example,Subscription billing confirmation,2026-03-31,Your subscription renewed successfully.,"Your monthly subscription has renewed. Manage billing, plan settings, devices, and account preferences from your subscription page."
91,support@payroll.example,Action required for contractor payment,2026-04-01,Pending timesheets need review before payroll processing.,Please review and approve contractor timesheets before payroll begins. Payment may be delayed if approval is not completed by the deadline.
92,library@northview.edu,Renew your borrowed book,2026-04-02,A borrowed item is due soon and may require action.,Your borrowed library item is due soon. Renew online or return it to avoid late fees. This notice may become a final notice if overdue.
93,events@coworkhub.example,Founder meetup agenda,2026-04-03,Your event reminder and schedule are ready.,"Join local founders and builders for networking, coffee, workshops, and short introductions. Review the agenda before arrival."
94,updates@productboard.example,Product update digest,2026-04-04,Your roadmap item has new comments and review activity.,"Teammates commented on the roadmap item. Review the discussion, update priority, and check launch timeline before the next planning review."
95,alerts@cardsecure.example,Verify card activity ending in 1668,2026-04-05,Please verify recent card activity as soon as possible.,We need you to verify recent card activity. Review the transaction list and confirm whether you recognize the charges. Urgent action may be required.
96,careers@startup.example,Action required: confirm interview slot,2026-04-06,Your interview details need review or confirmation.,"Your interview is scheduled soon. Confirm the time, review the agenda, and join using the provided meeting link. Please reply if you need to reschedule."
97,receipts@shopmarket.example,Your ShopMarket receipt for order #1702,2026-04-07,Thanks for your purchase. Your receipt is ready for review.,"Thanks for shopping with ShopMarket. This receipt covers groceries, household supplies, pantry items, and delivery details. Keep it for your records."
98,billing@cloudhost.example,Payment failed for CloudHost invoice CH-1719,2026-04-08,We could not process your latest payment and need an updated billing method.,"Your CloudHost billing method needs attention. Update the payment card before the deadline to avoid service interruption for hosting, storage, and app deployments."
99,security@riverbank.example,Security alert: new sign-in detected,2026-04-09,We noticed unusual account activity and need you to verify it.,"A security alert was triggered for your RiverBank account. Review the location, device, and login time. If this was not you, change your password immediately."
100,registrar@northview.edu,Final project deadline reminder,2026-04-10,Your school deadline is approaching and submission is required.,"This is a reminder that your course project, assignment, or capstone deliverable is due soon. Late work may require instructor approval."
101,manager@acme.example,Q3 planning notes due today,2026-04-11,Please review the work item before the meeting deadline.,"The team needs your update before the planning meeting. Share notes, review the roadmap, and flag blockers before the deadline."
102,appointments@cityclinic.example,Appointment reminder for Monday,2026-04-12,You have an appointment scheduled soon.,"This is a reminder for your upcoming appointment. Please arrive early, bring your insurance card, and complete any required forms before check-in."
103,newsletter@dailytech.example,Daily Tech Brief: AI tools for productivity,2026-04-13,Today's newsletter includes technology stories and product updates.,"In this newsletter, we cover AI productivity workflows, software funding news, cloud infrastructure updates, and practical tools for builders. You can unsubscribe at any time."
104,deals@freshcart.example,Weekend grocery deals inside,2026-04-14,"Save with sale prices, coupons, discounts, and member deals.","FreshCart members can save on produce, frozen meals, snacks, and household items. Clip coupons before checkout and browse the weekly promotion."
105,promos@flyaway.example,Flash sale: flights from $1838,2026-04-15,Book by midnight to get limited-time fares and travel deals.,FlyAway is offering discounted fares for selected routes. Seats are limited and promotion prices expire soon. This is a marketing deal.
106,no-reply@streambox.example,Your monthly subscription receipt,2026-04-16,Your subscription renewed successfully.,"Your monthly subscription has renewed. Manage billing, plan settings, devices, and account preferences from your subscription page."
107,support@payroll.example,Timesheet approval required,2026-04-17,Pending timesheets need review before payroll processing.,Please review and approve contractor timesheets before payroll begins. Payment may be delayed if approval is not completed by the deadline.
108,library@northview.edu,Library book due soon,2026-04-18,A borrowed item is due soon and may require action.,Your borrowed library item is due soon. Renew online or return it to avoid late fees. This notice may become a final notice if overdue.
109,events@coworkhub.example,Reminder: networking breakfast tomorrow,2026-04-19,Your event reminder and schedule are ready.,"Join local founders and builders for networking, coffee, workshops, and short introductions. Review the agenda before arrival."
110,updates@productboard.example,New comments on your roadmap item,2026-04-20,Your roadmap item has new comments and review activity.,"Teammates commented on the roadmap item. Review the discussion, update priority, and check launch timeline before the next planning review."
111,alerts@cardsecure.example,Urgent action needed: card verification,2026-04-21,Please verify recent card activity as soon as possible.,We need you to verify recent card activity. Review the transaction list and confirm whether you recognize the charges. Urgent action may be required.
112,careers@startup.example,Interview schedule confirmation,2026-04-22,Your interview details need review or confirmation.,"Your interview is scheduled soon. Confirm the time, review the agenda, and join using the provided meeting link. Please reply if you need to reschedule."
113,receipts@shopmarket.example,Receipt for grocery pickup #1974,2026-04-23,Thanks for your purchase. Your receipt is ready for review.,"Thanks for shopping with ShopMarket. This receipt covers groceries, household supplies, pantry items, and delivery details. Keep it for your records."
114,billing@cloudhost.example,Action required: update billing method,2026-04-24,We could not process your latest payment and need an updated billing method.,"Your CloudHost billing method needs attention. Update the payment card before the deadline to avoid service interruption for hosting, storage, and app deployments."
115,security@riverbank.example,Verify suspicious account activity,2026-04-25,We noticed unusual account activity and need you to verify it.,"A security alert was triggered for your RiverBank account. Review the location, device, and login time. If this was not you, change your password immediately."
116,registrar@northview.edu,Assignment due this week,2026-04-26,Your school deadline is approaching and submission is required.,"This is a reminder that your course project, assignment, or capstone deliverable is due soon. Late work may require instructor approval."
117,manager@acme.example,Interview panel prep,2026-04-27,Please review the work item before the meeting deadline.,"The team needs your update before the planning meeting. Share notes, review the roadmap, and flag blockers before the deadline."
118,appointments@cityclinic.example,Your appointment is tomorrow,2026-04-28,You have an appointment scheduled soon.,"This is a reminder for your upcoming appointment. Please arrive early, bring your insurance card, and complete any required forms before check-in."
119,newsletter@dailytech.example,This week in software and startups,2026-04-29,Today's newsletter includes technology stories and product updates.,"In this newsletter, we cover AI productivity workflows, software funding news, cloud infrastructure updates, and practical tools for builders. You can unsubscribe at any time."
120,deals@freshcart.example,Sale: save on pantry basics,2026-04-30,"Save with sale prices, coupons, discounts, and member deals.","FreshCart members can save on produce, frozen meals, snacks, and household items. Clip coupons before checkout and browse the weekly promotion."
121,promos@flyaway.example,Limited-time travel deal,2026-05-01,Book by midnight to get limited-time fares and travel deals.,FlyAway is offering discounted fares for selected routes. Seats are limited and promotion prices expire soon. This is a marketing deal.
122,no-reply@streambox.example,Streaming plan renewal,2026-05-02,Your subscription renewed successfully.,"Your monthly subscription has renewed. Manage billing, plan settings, devices, and account preferences from your subscription page."
123,support@payroll.example,Payroll deadline: approve hours,2026-05-03,Pending timesheets need review before payroll processing.,Please review and approve contractor timesheets before payroll begins. Payment may be delayed if approval is not completed by the deadline.
124,library@northview.edu,Final notice: library item overdue,2026-05-04,A borrowed item is due soon and may require action.,Your borrowed library item is due soon. Renew online or return it to avoid late fees. This notice may become a final notice if overdue.
125,events@coworkhub.example,Workshop registration confirmed,2026-05-05,Your event reminder and schedule are ready.,"Join local founders and builders for networking, coffee, workshops, and short introductions. Review the agenda before arrival."
126,updates@productboard.example,Roadmap review requested,2026-05-06,Your roadmap item has new comments and review activity.,"Teammates commented on the roadmap item. Review the discussion, update priority, and check launch timeline before the next planning review."
127,alerts@cardsecure.example,Suspicious transaction alert,2026-05-07,Please verify recent card activity as soon as possible.,We need you to verify recent card activity. Review the transaction list and confirm whether you recognize the charges. Urgent action may be required.
128,careers@startup.example,Reminder: product interview tomorrow,2026-05-08,Your interview details need review or confirmation.,"Your interview is scheduled soon. Confirm the time, review the agenda, and join using the provided meeting link. Please reply if you need to reschedule."
129,receipts@shopmarket.example,Order #2246 was delivered,2026-05-09,Thanks for your purchase. Your receipt is ready for review.,"Thanks for shopping with ShopMarket. This receipt covers groceries, household supplies, pantry items, and delivery details. Keep it for your records."
130,billing@cloudhost.example,Invoice CH-2263 is due soon,2026-05-10,We could not process your latest payment and need an updated billing method.,"Your CloudHost billing method needs attention. Update the payment card before the deadline to avoid service interruption for hosting, storage, and app deployments."
131,security@riverbank.example,Action required: account security review,2026-05-11,We noticed unusual account activity and need you to verify it.,"A security alert was triggered for your RiverBank account. Review the location, device, and login time. If this was not you, change your password immediately."
132,registrar@northview.edu,Capstone submission due Friday,2026-05-12,Your school deadline is approaching and submission is required.,"This is a reminder that your course project, assignment, or capstone deliverable is due soon. Late work may require instructor approval."
133,manager@acme.example,Action required before team review,2026-05-13,Please review the work item before the meeting deadline.,"The team needs your update before the planning meeting. Share notes, review the roadmap, and flag blockers before the deadline."
134,appointments@cityclinic.example,Clinic visit confirmation,2026-05-14,You have an appointment scheduled soon.,"This is a reminder for your upcoming appointment. Please arrive early, bring your insurance card, and complete any required forms before check-in."
135,newsletter@dailytech.example,Developer newsletter: cloud updates,2026-05-15,Today's newsletter includes technology stories and product updates.,"In this newsletter, we cover AI productivity workflows, software funding news, cloud infrastructure updates, and practical tools for builders. You can unsubscribe at any time."
136,deals@freshcart.example,Coupon offer for your next order,2026-05-16,"Save with sale prices, coupons, discounts, and member deals.","FreshCart members can save on produce, frozen meals, snacks, and household items. Clip coupons before checkout and browse the weekly promotion."
137,promos@flyaway.example,Promotion: weekend getaway fares,2026-05-17,Book by midnight to get limited-time fares and travel deals.,FlyAway is offering discounted fares for selected routes. Seats are limited and promotion prices expire soon. This is a marketing deal.
138,no-reply@streambox.example,Subscription billing confirmation,2026-05-18,Your subscription renewed successfully.,"Your monthly subscription has renewed. Manage billing, plan settings, devices, and account preferences from your subscription page."
139,support@payroll.example,Action required for contractor payment,2026-05-19,Pending timesheets need review before payroll processing.,Please review and approve contractor timesheets before payroll begins. Payment may be delayed if approval is not completed by the deadline.
140,library@northview.edu,Renew your borrowed book,2026-05-20,A borrowed item is due soon and may require action.,Your borrowed library item is due soon. Renew online or return it to avoid late fees. This notice may become a final notice if overdue.
141,events@coworkhub.example,Founder meetup agenda,2026-05-21,Your event reminder and schedule are ready.,"Join local founders and builders for networking, coffee, workshops, and short introductions. Review the agenda before arrival."
142,updates@productboard.example,Product update digest,2026-05-22,Your roadmap item has new comments and review activity.,"Teammates commented on the roadmap item. Review the discussion, update priority, and check launch timeline before the next planning review."
143,alerts@cardsecure.example,Verify card activity ending in 2484,2026-05-23,Please verify recent card activity as soon as possible.,We need you to verify recent card activity. Review the transaction list and confirm whether you recognize the charges. Urgent action may be required.
144,careers@startup.example,Action required: confirm interview slot,2026-05-24,Your interview details need review or confirmation.,"Your interview is scheduled soon. Confirm the time, review the agenda, and join using the provided meeting link. Please reply if you need to reschedule."
145,receipts@shopmarket.example,Your ShopMarket receipt for order #2518,2026-05-25,Thanks for your purchase. Your receipt is ready for review.,"Thanks for shopping with ShopMarket. This receipt covers groceries, household supplies, pantry items, and delivery details. Keep it for your records."
146,billing@cloudhost.example,Payment failed for CloudHost invoice CH-2535,2026-05-26,We could not process your latest payment and need an updated billing method.,"Your CloudHost billing method needs attention. Update the payment card before the deadline to avoid service interruption for hosting, storage, and app deployments."
147,security@riverbank.example,Security alert: new sign-in detected,2026-05-27,We noticed unusual account activity and need you to verify it.,"A security alert was triggered for your RiverBank account. Review the location, device, and login time. If this was not you, change your password immediately."
148,registrar@northview.edu,Final project deadline reminder,2026-05-28,Your school deadline is approaching and submission is required.,"This is a reminder that your course project, assignment, or capstone deliverable is due soon. Late work may require instructor approval."
149,manager@acme.example,Q3 planning notes due today,2026-05-29,Please review the work item before the meeting deadline.,"The team needs your update before the planning meeting. Share notes, review the roadmap, and flag blockers before the deadline."
150,appointments@cityclinic.example,Appointment reminder for Monday,2026-05-30,You have an appointment scheduled soon.,"This is a reminder for your upcoming appointment. Please arrive early, bring your insurance card, and complete any required forms before check-in."
151,newsletter@dailytech.example,Daily Tech Brief: AI tools for productivity,2026-05-31,Today's newsletter includes technology stories and product updates.,"In this newsletter, we cover AI productivity workflows, software funding news, cloud infrastructure updates, and practical tools for builders. You can unsubscribe at any time."
152,deals@freshcart.example,Weekend grocery deals inside,2026-06-01,"Save with sale prices, coupons, discounts, and member deals.","FreshCart members can save on produce, frozen meals, snacks, and household items. Clip coupons before checkout and browse the weekly promotion."
153,promos@flyaway.example,Flash sale: flights from $2654,2026-06-02,Book by midnight to get limited-time fares and travel deals.,FlyAway is offering discounted fares for selected routes. Seats are limited and promotion prices expire soon. This is a marketing deal.
154,no-reply@streambox.example,Your monthly subscription receipt,2026-06-03,Your subscription renewed successfully.,"Your monthly subscription has renewed. Manage billing, plan settings, devices, and account preferences from your subscription page."
155,support@payroll.example,Timesheet approval required,2026-06-04,Pending timesheets need review before payroll processing.,Please review and approve contractor timesheets before payroll begins. Payment may be delayed if approval is not completed by the deadline.
156,library@northview.edu,Library book due soon,2026-06-05,A borrowed item is due soon and may require action.,Your borrowed library item is due soon. Renew online or return it to avoid late fees. This notice may become a final notice if overdue.
157,events@coworkhub.example,Reminder: networking breakfast tomorrow,2026-06-06,Your event reminder and schedule are ready.,"Join local founders and builders for networking, coffee, workshops, and short introductions. Review the agenda before arrival."
158,updates@productboard.example,New comments on your roadmap item,2026-06-07,Your roadmap item has new comments and review activity.,"Teammates commented on the roadmap item. Review the discussion, update priority, and check launch timeline before the next planning review."
159,alerts@cardsecure.example,Urgent action needed: card verification,2026-06-08,Please verify recent card activity as soon as possible.,We need you to verify recent card activity. Review the transaction list and confirm whether you recognize the charges. Urgent action may be required.
160,careers@startup.example,Interview schedule confirmation,2026-06-09,Your interview details need review or confirmation.,"Your interview is scheduled soon. Confirm the time, review the agenda, and join using the provided meeting link. Please reply if you need to reschedule."
161,receipts@shopmarket.example,Receipt for grocery pickup #2790,2026-06-10,Thanks for your purchase. Your receipt is ready for review.,"Thanks for shopping with ShopMarket. This receipt covers groceries, household supplies, pantry items, and delivery details. Keep it for your records."
162,billing@cloudhost.example,Action required: update billing method,2026-06-11,We could not process your latest payment and need an updated billing method.,"Your CloudHost billing method needs attention. Update the payment card before the deadline to avoid service interruption for hosting, storage, and app deployments."
163,security@riverbank.example,Verify suspicious account activity,2026-06-12,We noticed unusual account activity and need you to verify it.,"A security alert was triggered for your RiverBank account. Review the location, device, and login time. If this was not you, change your password immediately."
164,registrar@northview.edu,Assignment due this week,2026-06-13,Your school deadline is approaching and submission is required.,"This is a reminder that your course project, assignment, or capstone deliverable is due soon. Late work may require instructor approval."
165,manager@acme.example,Interview panel prep,2026-06-14,Please review the work item before the meeting deadline.,"The team needs your update before the planning meeting. Share notes, review the roadmap, and flag blockers before the deadline."
166,appointments@cityclinic.example,Your appointment is tomorrow,2026-06-15,You have an appointment scheduled soon.,"This is a reminder for your upcoming appointment. Please arrive early, bring your insurance card, and complete any required forms before check-in."
167,newsletter@dailytech.example,This week in software and startups,2026-01-01,Today's newsletter includes technology stories and product updates.,"In this newsletter, we cover AI productivity workflows, software funding news, cloud infrastructure updates, and practical tools for builders. You can unsubscribe at any time."
168,deals@freshcart.example,Sale: save on pantry basics,2026-01-02,"Save with sale prices, coupons, discounts, and member deals.","FreshCart members can save on produce, frozen meals, snacks, and household items. Clip coupons before checkout and browse the weekly promotion."
169,promos@flyaway.example,Limited-time travel deal,2026-01-03,Book by midnight to get limited-time fares and travel deals.,FlyAway is offering discounted fares for selected routes. Seats are limited and promotion prices expire soon. This is a marketing deal.
170,no-reply@streambox.example,Streaming plan renewal,2026-01-04,Your subscription renewed successfully.,"Your monthly subscription has renewed. Manage billing, plan settings, devices, and account preferences from your subscription page."
171,support@payroll.example,Payroll deadline: approve hours,2026-01-05,Pending timesheets need review before payroll processing.,Please review and approve contractor timesheets before payroll begins. Payment may be delayed if approval is not completed by the deadline.
172,library@northview.edu,Final notice: library item overdue,2026-01-06,A borrowed item is due soon and may require action.,Your borrowed library item is due soon. Renew online or return it to avoid late fees. This notice may become a final notice if overdue.
173,events@coworkhub.example,Workshop registration confirmed,2026-01-07,Your event reminder and schedule are ready.,"Join local founders and builders for networking, coffee, workshops, and short introductions. Review the agenda before arrival."
174,updates@productboard.example,Roadmap review requested,2026-01-08,Your roadmap item has new comments and review activity.,"Teammates commented on the roadmap item. Review the discussion, update priority, and check launch timeline before the next planning review."
175,alerts@cardsecure.example,Suspicious transaction alert,2026-01-09,Please verify recent card activity as soon as possible.,We need you to verify recent card activity. Review the transaction list and confirm whether you recognize the charges. Urgent action may be required.
176,careers@startup.example,Reminder: product interview tomorrow,2026-01-10,Your interview details need review or confirmation.,"Your interview is scheduled soon. Confirm the time, review the agenda, and join using the provided meeting link. Please reply if you need to reschedule."
177,receipts@shopmarket.example,Order #3062 was delivered,2026-01-11,Thanks for your purchase. Your receipt is ready for review.,"Thanks for shopping with ShopMarket. This receipt covers groceries, household supplies, pantry items, and delivery details. Keep it for your records."
178,billing@cloudhost.example,Invoice CH-3079 is due soon,2026-01-12,We could not process your latest payment and need an updated billing method.,"Your CloudHost billing method needs attention. Update the payment card before the deadline to avoid service interruption for hosting, storage, and app deployments."
179,security@riverbank.example,Action required: account security review,2026-01-13,We noticed unusual account activity and need you to verify it.,"A security alert was triggered for your RiverBank account. Review the location, device, and login time. If this was not you, change your password immediately."
180,registrar@northview.edu,Capstone submission due Friday,2026-01-14,Your school deadline is approaching and submission is required.,"This is a reminder that your course project, assignment, or capstone deliverable is due soon. Late work may require instructor approval."
181,manager@acme.example,Action required before team review,2026-01-15,Please review the work item before the meeting deadline.,"The team needs your update before the planning meeting. Share notes, review the roadmap, and flag blockers before the deadline."
182,appointments@cityclinic.example,Clinic visit confirmation,2026-01-16,You have an appointment scheduled soon.,"This is a reminder for your upcoming appointment. Please arrive early, bring your insurance card, and complete any required forms before check-in."
183,newsletter@dailytech.example,Developer newsletter: cloud updates,2026-01-17,Today's newsletter includes technology stories and product updates.,"In this newsletter, we cover AI productivity workflows, software funding news, cloud infrastructure updates, and practical tools for builders. You can unsubscribe at any time."
184,deals@freshcart.example,Coupon offer for your next order,2026-01-18,"Save with sale prices, coupons, discounts, and member deals.","FreshCart members can save on produce, frozen meals, snacks, and household items. Clip coupons before checkout and browse the weekly promotion."
185,promos@flyaway.example,Promotion: weekend getaway fares,2026-01-19,Book by midnight to get limited-time fares and travel deals.,FlyAway is offering discounted fares for selected routes. Seats are limited and promotion prices expire soon. This is a marketing deal.
186,no-reply@streambox.example,Subscription billing confirmation,2026-01-20,Your subscription renewed successfully.,"Your monthly subscription has renewed. Manage billing, plan settings, devices, and account preferences from your subscription page."
187,support@payroll.example,Action required for contractor payment,2026-01-21,Pending timesheets need review before payroll processing.,Please review and approve contractor timesheets before payroll begins. Payment may be delayed if approval is not completed by the deadline.
188,library@northview.edu,Renew your borrowed book,2026-01-22,A borrowed item is due soon and may require action.,Your borrowed library item is due soon. Renew online or return it to avoid late fees. This notice may become a final notice if overdue.
189,events@coworkhub.example,Founder meetup agenda,2026-01-23,Your event reminder and schedule are ready.,"Join local founders and builders for networking, coffee, workshops, and short introductions. Review the agenda before arrival."
190,updates@productboard.example,Product update digest,2026-01-24,Your roadmap item has new comments and review activity.,"Teammates commented on the roadmap item. Review the discussion, update priority, and check launch timeline before the next planning review."
191,alerts@cardsecure.example,Verify card activity ending in 3300,2026-01-25,Please verify recent card activity as soon as possible.,We need you to verify recent card activity. Review the transaction list and confirm whether you recognize the charges. Urgent action may be required.
192,careers@startup.example,Action required: confirm interview slot,2026-01-26,Your interview details need review or confirmation.,"Your interview is scheduled soon. Confirm the time, review the agenda, and join using the provided meeting link. Please reply if you need to reschedule."
193,receipts@shopmarket.example,Your ShopMarket receipt for order #3334,2026-01-27,Thanks for your purchase. Your receipt is ready for review.,"Thanks for shopping with ShopMarket. This receipt covers groceries, household supplies, pantry items, and delivery details. Keep it for your records."
194,billing@cloudhost.example,Payment failed for CloudHost invoice CH-3351,2026-01-28,We could not process your latest payment and need an updated billing method.,"Your CloudHost billing method needs attention. Update the payment card before the deadline to avoid service interruption for hosting, storage, and app deployments."
195,security@riverbank.example,Security alert: new sign-in detected,2026-01-29,We noticed unusual account activity and need you to verify it.,"A security alert was triggered for your RiverBank account. Review the location, device, and login time. If this was not you, change your password immediately."
196,registrar@northview.edu,Final project deadline reminder,2026-01-30,Your school deadline is approaching and submission is required.,"This is a reminder that your course project, assignment, or capstone deliverable is due soon. Late work may require instructor approval."
197,manager@acme.example,Q3 planning notes due today,2026-01-31,Please review the work item before the meeting deadline.,"The team needs your update before the planning meeting. Share notes, review the roadmap, and flag blockers before the deadline."
198,appointments@cityclinic.example,Appointment reminder for Monday,2026-02-01,You have an appointment scheduled soon.,"This is a reminder for your upcoming appointment. Please arrive early, bring your insurance card, and complete any required forms before check-in."
199,newsletter@dailytech.example,Daily Tech Brief: AI tools for productivity,2026-02-02,Today's newsletter includes technology stories and product updates.,"In this newsletter, we cover AI productivity workflows, software funding news, cloud infrastructure updates, and practical tools for builders. You can unsubscribe at any time."
200,deals@freshcart.example,Weekend grocery deals inside,2026-02-03,"Save with sale prices, coupons, discounts, and member deals.","FreshCart members can save on produce, frozen meals, snacks, and household items. Clip coupons before checkout and browse the weekly promotion."
